{"0":{"src_ip":"172.16.101.131","proto":"TCP","dst_ip":"54.200.164.149","dst_port":22,"det_degree":1,"occurrences":88,"percent":93,"interval":600,"flow_bytes_sum":2313670,"flow_bytes_min":1756.0,"flow_bytes_max":1835318.0,"flow_bytes_mean":25996.2921348315,"flow_bytes_std":193998.1210489025,"flow_age_min":1.0,"flow_age_max":49755.0,"flow_age_mean":561.9550561798,"flow_age_std":5273.7091675898,"dst_degree":1}}